problem_name,rank_1,rank_2,rank_3,rank_4,rank_5,rank_6,rank_7,rank_8,rank_9,rank_10,rank_11,rank_12,rank_13,rank_14,rank_15,rank_16,rank_17,rank_18,rank_19,rank_20,rank_21,rank_22,rank_23,rank_24,rank_25,rank_26,rank_27,rank_28,rank_29,rank_30,rank_31,rank_32
7z,FLASH,PromiseTune,PSO,ConEx_ES,ATConf,GA,ACO_BestConfig_CMAES,ROBOTune_RandomSearch,BOCA_OtterTune,DE_SWAY,SA,ResTune_Tuneful,HillClimbing,BO,,,,,,,,,,,,,,,,,,
BDBC,ATConf_FLASH_OtterTune,ES,PSO_PromiseTune,ConEx_GA,CMAES_SA,BestConfig_RandomSearch_ROBOTune,DE,ACO,ResTune,BO_SWAY,HillClimbing_Tuneful,BOCA,,,,,,,,,,,,,,,,,,,,
brotli,PSO,ATConf,ConEx,BOCA_CMAES,ES_FLASH,BestConfig_GA_OtterTune,DE_ROBOTune_RandomSearch,BO,PromiseTune_SA_Tuneful,ACO_ResTune,SWAY,HillClimbing,,,,,,,,,,,,,,,,,,,,
CNN-Cifar10,DEHB_ES_PSO_SMAC,CMAES_DE_GA_RandomSearch_UQGuided_irace,BO_GGA_HEBO_Hyperband,BOHB,ACO_HABO,SA,HillClimbing,ParamILS,,,,,,,,,,,,,,,,,,,,,,,,
CNN-ColorectalHistology,BO_DEHB_ES_PSO_SMAC_UQGuided,Hyperband_SA_irace,BOHB_CMAES_DE_GA_GGA_HABO_HEBO_RandomSearch,ACO,HillClimbing,ParamILS,,,,,,,,,,,,,,,,,,,,,,,,,,
dconvert,ES_FLASH_OtterTune,ATConf,ConEx_PSO_PromiseTune_ROBOTune,ACO_CMAES_SA,GA,BOCA_BestConfig_RandomSearch,DE,Tuneful,HillClimbing_SWAY,BO_ResTune,,,,,,,,,,,,,,,,,,,,,,
deeparch,FLASH_OtterTune_PromiseTune,ATConf_CMAES_ES_PSO,ConEx,GA,BestConfig_RandomSearch_ROBOTune,SA,BOCA,Tuneful,DE,ACO,SWAY,HillClimbing,BO_ResTune,,,,,,,,,,,,,,,,,,,
Dune,ATConf_FLASH_PromiseTune,CMAES_ES_PSO,OtterTune,ConEx,DE_HillClimbing_ROBOTune_Tuneful,SA,RandomSearch,ACO_BOCA_BestConfig_GA,SWAY,BO_ResTune,,,,,,,,,,,,,,,,,,,,,,
exastencils,ES,ATConf_PromiseTune,ConEx_PSO,OtterTune,CMAES,FLASH,BestConfig_DE,ACO_GA_RandomSearch_SA,ROBOTune_SWAY,HillClimbing,BO,BOCA,ResTune,Tuneful,,,,,,,,,,,,,,,,,,
FastDownward,BO,BOCA_CMAES_ResTune_Tuneful,ConEx,FLASH_OtterTune_RandomSearch,PSO,DE,ROBOTune,BestConfig_SWAY,ATConf_ES_GA,PromiseTune,ACO_SA,HillClimbing,,,,,,,,,,,,,,,,,,,,
FCNet-NavalPropulsion,ES_HEBO,DEHB,PSO,SMAC,irace,CMAES_GA_ParamILS,UQGuided,GGA,BOHB_RandomSearch,HillClimbing_Hyperband_SA,DE_HABO,BO,ACO,,,,,,,,,,,,,,,,,,,
FCNet-ParkinsonsTelemonitoring,HEBO,ES,SMAC,PSO_irace,DEHB_ParamILS,ACO_CMAES_GA,HillClimbing_UQGuided,DE_RandomSearch,BOHB_GGA_HABO_Hyperband_SA,BO,,,,,,,,,,,,,,,,,,,,,,
FCNet-ProteinStructure,HEBO,ES,PSO,DEHB,HillClimbing_SMAC_irace,CMAES_ParamILS,BOHB_GA_UQGuided,ACO_Hyperband,RandomSearch_SA,DE_GGA_HABO,BO,,,,,,,,,,,,,,,,,,,,,
FCNet-SliceLocalization,HEBO_SMAC,ES_irace,DEHB_PSO,CMAES_GA_HillClimbing_ParamILS,UQGuided,BOHB_RandomSearch,ACO_DE_GGA_HABO_Hyperband_SA,BO,,,,,,,,,,,,,,,,,,,,,,,,
hipacc,OtterTune,ATConf,ConEx_ES_PromiseTune,CMAES_FLASH_ROBOTune,BestConfig_GA_PSO,RandomSearch_Tuneful,ACO_BOCA_SA_SWAY,DE,BO,ResTune,HillClimbing,,,,,,,,,,,,,,,,,,,,,
HSMGP,ATConf_FLASH_OtterTune,ES_ROBOTune,BOCA_CMAES_ConEx_PSO,PromiseTune,SA_Tuneful,ACO_GA,HillClimbing,BestConfig_DE,RandomSearch,SWAY,BO_ResTune,,,,,,,,,,,,,,,,,,,,,
HSQLDB,ES_PSO,ATConf_FLASH,ConEx,OtterTune,BO_CMAES_Tuneful,DE_GA_ResTune,BOCA_BestConfig_ROBOTune_RandomSearch,ACO_PromiseTune,SWAY,HillClimbing,SA,,,,,,,,,,,,,,,,,,,,,
javagc,SWAY,ATConf_ConEx_ES,FLASH,PSO,ACO_OtterTune_ROBOTune,CMAES,GA,BestConfig_PromiseTune_RandomSearch,BO_BOCA_DE_ResTune,SA,Tuneful,HillClimbing,,,,,,,,,,,,,,,,,,,,
jump3r,ATConf_ES_PSO,ConEx_FLASH_OtterTune,CMAES,ACO_GA_PromiseTune_ROBOTune,BestConfig_RandomSearch,BO_ResTune,BOCA_DE_SA,SWAY,Tuneful,HillClimbing,,,,,,,,,,,,,,,,,,,,,,
kanzi,ATConf_PSO,BOCA_ES,CMAES_ConEx_FLASH_OtterTune,ACO_GA,DE_PromiseTune_ROBOTune_SA_Tuneful,BestConfig_RandomSearch,SWAY,ResTune,BO,HillClimbing,,,,,,,,,,,,,,,,,,,,,,
LLVM,ES_HillClimbing_PromiseTune_SA_Tuneful,BOCA,CMAES,ConEx_PSO,FLASH,ATConf_OtterTune,ROBOTune_SWAY,ACO_GA,BestConfig_RandomSearch,DE_ResTune,BO,,,,,,,,,,,,,,,,,,,,,
MariaDB,ES_FLASH,ATConf_OtterTune_PSO,ACO_PromiseTune_SA_SWAY,CMAES_ConEx_GA,BOCA_BestConfig_RandomSearch_Tuneful,ROBOTune,DE,HillClimbing,BO_ResTune,,,,,,,,,,,,,,,,,,,,,,,
moe,ES_HEBO,DEHB_PSO_UQGuided_irace,CMAES_DE_GGA_SMAC,ParamILS_RandomSearch_SA,BO_BOHB_GA_HABO_Hyperband,ACO,HillClimbing,,,,,,,,,,,,,,,,,,,,,,,,,
MySQL,PromiseTune,ES_FLASH,CMAES_PSO_SA,ATConf,ConEx,OtterTune,GA_SWAY,ACO,BOCA_BestConfig_DE_RandomSearch,ROBOTune_ResTune_Tuneful,HillClimbing,BO,,,,,,,,,,,,,,,,,,,,
nginx,FLASH,PSO_PromiseTune,ES,ATConf_ConEx,GA_OtterTune,BestConfig_CMAES_SA,DE_ROBOTune_RandomSearch,ACO,BO_BOCA,Tuneful,ResTune,HillClimbing_SWAY,,,,,,,,,,,,,,,,,,,,
nn-10101,ES_GGA_SMAC,ACO_BOHB_GA_HEBO_Hyperband_PSO_irace,CMAES_DE_DEHB_HABO_RandomSearch_SA_UQGuided,ParamILS,HillClimbing,BO,,,,,,,,,,,,,,,,,,,,,,,,,,
nn-146818,CMAES_UQGuided_DE_GA_irace_GGA_HABO_HEBO_PSO_RandomSearch_SMAC,ACO_BOHB_DEHB_ES_HillClimbing_Hyperband_ParamILS_SA,BO,,,,,,,,,,,,,,,,,,,,,,,,,,,,,
nn-146821,ACO_BOHB_CMAES_DE_DEHB_ES_GA_HEBO_Hyperband_SMAC_PSO_RandomSearch_UQGuided_irace,GGA_HABO_HillClimbing_ParamILS_SA,BO,,,,,,,,,,,,,,,,,,,,,,,,,,,,,
nn-146822,DEHB_ES_HEBO,BOHB_SMAC,CMAES,irace,ACO_GA_PSO,Hyperband,DE_UQGuided_HABO_ParamILS_RandomSearch_SA,BO_GGA_HillClimbing,,,,,,,,,,,,,,,,,,,,,,,,
nn-31,DEHB_HEBO_Hyperband,BOHB_ES_SMAC,irace,GA_UQGuided_PSO,ACO_DE,HABO,RandomSearch_SA,CMAES_GGA_HillClimbing_ParamILS,BO,,,,,,,,,,,,,,,,,,,,,,,
nn-3917,ES_HEBO_SMAC,PSO_irace,DEHB,BOHB_CMAES,GA_Hyperband,ACO_DE_GGA_HABO_UQGuided,ParamILS_SA,RandomSearch,HillClimbing,BO,,,,,,,,,,,,,,,,,,,,,,
nn-53,HEBO,ES,SMAC,DEHB_irace,CMAES_GA_PSO,SA,ParamILS,BOHB_GGA,ACO_DE_UQGuided,HABO_HillClimbing_Hyperband_RandomSearch,BO,,,,,,,,,,,,,,,,,,,,,
nn-9952,BOHB_CMAES_DEHB_ES_HEBO_SMAC,GA_Hyperband_irace,GGA_SA_PSO_RandomSearch_UQGuided,DE_ParamILS,ACO_HABO,HillClimbing,BO,,,,,,,,,,,,,,,,,,,,,,,,,
noc-CM-log,ATConf_ConEx_ES_FLASH_HillClimbing_OtterTune_PSO_PromiseTune_ROBOTune_Tuneful_BOCA_BestConfig_RandomSearch_DE_GA_SA,CMAES_SWAY,ACO,BO,ResTune,,,,,,,,,,,,,,,,,,,,,,,,,,,
OpenVPN,OtterTune,ATConf_FLASH_PSO_PromiseTune,ES,ConEx_SA,CMAES,ACO_BestConfig_GA_ROBOTune_RandomSearch,BOCA_ResTune,DE_HillClimbing_Tuneful,BO_SWAY,,,,,,,,,,,,,,,,,,,,,,,
Opus,ATConf_ES_FLASH_PSO,ConEx_OtterTune,PromiseTune,BOCA,CMAES_GA_SWAY,ACO_BO_ROBOTune_SA,RandomSearch,BestConfig_ResTune,DE,Tuneful,HillClimbing,,,,,,,,,,,,,,,,,,,,,
polly,ATConf_PSO_PromiseTune,BOCA_FLASH_OtterTune_Tuneful,ConEx_ES_SWAY,CMAES,GA,BestConfig_RandomSearch,ACO_ROBOTune_SA,DE,BO_ResTune,HillClimbing,,,,,,,,,,,,,,,,,,,,,,
PostgreSQL,PromiseTune,ES_FLASH,SWAY,ACO_ATConf_ConEx_PSO,OtterTune,BOCA,BestConfig_CMAES_GA_ROBOTune,RandomSearch_SA,DE,HillClimbing_Tuneful,BO_ResTune,,,,,,,,,,,,,,,,,,,,,
redis,BO,ConEx,ES_SWAY,GA_OtterTune_ROBOTune_ResTune,BOCA_CMAES_DE_PSO_Tuneful,FLASH_RandomSearch,ATConf,ACO_BestConfig_PromiseTune,HillClimbing_SA,,,,,,,,,,,,,,,,,,,,,,,
rf-10101,BOHB_CMAES_DE_DEHB_ES_GA_GGA_HEBO_Hyperband_PSO_RandomSearch_SA_SMAC_irace,ACO_HABO_HillClimbing_ParamILS_UQGuided,BO,,,,,,,,,,,,,,,,,,,,,,,,,,,,,
rf-146195,DEHB_HEBO_SMAC_ES,irace,CMAES_HillClimbing_ParamILS,GA_PSO,BOHB_UQGuided,DE_Hyperband,GGA,HABO,ACO_RandomSearch_SA,BO,,,,,,,,,,,,,,,,,,,,,,
rf-146212,BOHB_DE_DEHB_ES_GGA_HEBO_Hyperband_PSO_RandomSearch_SMAC_UQGuided_irace_CMAES_GA_ParamILS,ACO_HABO_HillClimbing_SA,BO,,,,,,,,,,,,,,,,,,,,,,,,,,,,,
rf-146818,HEBO_SMAC,BOHB_CMAES_DEHB_ES_GA_irace,RandomSearch,DE_GGA,ACO_Hyperband_SA_UQGuided,BO_HABO_HillClimbing_PSO_ParamILS,,,,,,,,,,,,,,,,,,,,,,,,,,
rf-146821,DEHB_ES_HEBO_SMAC,CMAES_PSO_irace,BOHB_DE_GA_Hyperband_ParamILS,HABO_RandomSearch_UQGuided,GGA,HillClimbing_SA,ACO,BO,,,,,,,,,,,,,,,,,,,,,,,,
rf-146822,BOHB_CMAES_DE_DEHB_ES_GA_GGA_HEBO_Hyperband_PSO_ParamILS_RandomSearch_SA_SMAC_UQGuided_irace,ACO_HillClimbing_BO_HABO,,,,,,,,,,,,,,,,,,,,,,,,,,,,,,
rf-14965,DEHB_ES_GA_HEBO_SMAC_irace,BOHB_Hyperband,CMAES_DE_PSO_UQGuided,GGA_HABO_HillClimbing_RandomSearch,ParamILS,ACO_BO_SA,,,,,,,,,,,,,,,,,,,,,,,,,,
rf-167119,BOHB_DEHB_ES_GA_HEBO_PSO_SMAC_Hyperband_RandomSearch_UQGuided_irace,ACO_CMAES_DE_GGA_HABO_HillClimbing_ParamILS_SA,BO,,,,,,,,,,,,,,,,,,,,,,,,,,,,,
rf-168329,HEBO,CMAES_DEHB_ES_Hyperband_PSO_SMAC_irace,BOHB_DE_GA_ParamILS,UQGuided,ACO_GGA_HABO_HillClimbing_RandomSearch_SA,BO,,,,,,,,,,,,,,,,,,,,,,,,,,
rf-168330,CMAES,ACO_GA_ParamILS_BOHB_DEHB_HEBO_ES_PSO_SA_irace,DE_SMAC_UQGuided_HABO_HillClimbing_Hyperband_RandomSearch,BO_GGA,,,,,,,,,,,,,,,,,,,,,,,,,,,,
rf-168331,CMAES_DEHB_ES_HEBO_SMAC_HillClimbing_irace,GA_Hyperband_PSO_ParamILS,BOHB,DE_GGA_UQGuided,RandomSearch,ACO_HABO_SA,BO,,,,,,,,,,,,,,,,,,,,,,,,,
rf-168335,ACO_BOHB_CMAES_DE_DEHB_ES_GA_GGA_HABO_HEBO_Hyperband_PSO_ParamILS_RandomSearch_SA_SMAC_UQGuided_irace,BO_HillClimbing,,,,,,,,,,,,,,,,,,,,,,,,,,,,,,
rf-168868,CMAES_DEHB_HEBO_SMAC,ES_irace,GA_Hyperband_PSO,ParamILS,BOHB_UQGuided_DE_GGA_HillClimbing_RandomSearch,ACO_HABO_SA,BO,,,,,,,,,,,,,,,,,,,,,,,,,
rf-168908,ACO_BOHB_CMAES_DE_DEHB_ES_GA_GGA_HEBO_Hyperband_PSO_ParamILS_RandomSearch_SA_SMAC_irace,HABO_HillClimbing_UQGuided,BO,,,,,,,,,,,,,,,,,,,,,,,,,,,,,
rf-168910,BOHB_DEHB_ES_HEBO_SMAC_PSO,HillClimbing_ParamILS_irace,GA,CMAES,Hyperband_UQGuided,DE,GGA,SA,RandomSearch,HABO,ACO,BO,,,,,,,,,,,,,,,,,,,,
rf-7592,HEBO_SMAC,DEHB_ES_GA_Hyperband,CMAES,UQGuided,BOHB_DE_HillClimbing_PSO_ParamILS_irace,ACO_SA_BO_GGA_HABO_RandomSearch,,,,,,,,,,,,,,,,,,,,,,,,,,
rf-9952,CMAES_DEHB_ES_HEBO_Hyperband_SMAC,BOHB_DE_GA_GGA_PSO_irace,ACO_HABO_HillClimbing_ParamILS_UQGuided_RandomSearch_SA,BO,,,,,,,,,,,,,,,,,,,,,,,,,,,,
rf-9977,BOHB_DE_DEHB_ES_GA_HEBO_Hyperband_PSO,CMAES_SMAC_irace,ACO_GGA_HABO_HillClimbing_ParamILS_RandomSearch_SA_UQGuided,BO,,,,,,,,,,,,,,,,,,,,,,,,,,,,
rf-9981,DEHB_HEBO_ES,CMAES_SMAC_irace,HillClimbing,PSO,BOHB_GA_ParamILS,DE_GGA_Hyperband,ACO_HABO_RandomSearch_SA_UQGuided,BO,,,,,,,,,,,,,,,,,,,,,,,,
rs-6d-c3,PromiseTune,ES_FLASH,ATConf_GA_PSO,ACO_ConEx,ROBOTune,OtterTune,BestConfig_HillClimbing_RandomSearch,CMAES_DE_SA,SWAY,BOCA,Tuneful,BO_ResTune,,,,,,,,,,,,,,,,,,,,
sac,SWAY,ATConf,PSO,ES_FLASH,Tuneful,ACO,BestConfig,OtterTune,GA,BO,DE_ROBOTune,BOCA_CMAES_ConEx_RandomSearch_PromiseTune_ResTune,SA,HillClimbing,,,,,,,,,,,,,,,,,,
spark,FLASH,CMAES_ES_PromiseTune,ATConf,ConEx_SWAY,ACO_DE_GA_OtterTune_PSO,BO_BOCA_BestConfig_ROBOTune_RandomSearch,Tuneful,ResTune,SA,HillClimbing,,,,,,,,,,,,,,,,,,,,,,
spear,FLASH_ROBOTune_Tuneful,CMAES,PSO,ATConf_ES_OtterTune_PromiseTune,GA_SWAY,BOCA_ConEx,ACO_BestConfig_RandomSearch,SA,DE,HillClimbing,BO_ResTune,,,,,,,,,,,,,,,,,,,,,
SQL,OtterTune,ES,ATConf,ConEx,BestConfig_RandomSearch_DE_FLASH_PromiseTune_ROBOTune,GA_PSO,ACO,BO_CMAES_ResTune,BOCA,SWAY,SA,HillClimbing_Tuneful,,,,,,,,,,,,,,,,,,,,
sqlite,ROBOTune,FLASH_PSO_PromiseTune,BOCA_ConEx,ACO_CMAES_GA,DE_ES_OtterTune_SA,ATConf_BO_BestConfig_RandomSearch,ResTune_SWAY,Tuneful,HillClimbing,,,,,,,,,,,,,,,,,,,,,,,
storm,ES_FLASH_PromiseTune,ConEx_GA_PSO,ATConf,ACO_CMAES,BOCA_OtterTune,BestConfig_RandomSearch_SA,HillClimbing,ROBOTune,DE_SWAY,Tuneful,BO,ResTune,,,,,,,,,,,,,,,,,,,,
tomcat,ATConf,ConEx_FLASH_PSO_PromiseTune,ACO_BO_BOCA_BestConfig_CMAES_ES_GA_OtterTune_ROBOTune_ResTune,DE_RandomSearch_SWAY,SA,Tuneful,HillClimbing,,,,,,,,,,,,,,,,,,,,,,,,,
VP8,PromiseTune,FLASH,ATConf,ES,CMAES_ConEx_PSO,OtterTune_ROBOTune,ACO_HillClimbing_SA,GA,RandomSearch,BOCA_BestConfig_DE_SWAY,ResTune,Tuneful,BO,,,,,,,,,,,,,,,,,,,
vp9,ATConf_PSO_FLASH,OtterTune_PromiseTune,ES_Tuneful,CMAES_ConEx_SWAY,ACO_GA,ROBOTune_SA,BOCA_BestConfig_RandomSearch,DE,HillClimbing,BO_ResTune,,,,,,,,,,,,,,,,,,,,,,
wc-5d-c5,ES_OtterTune_PromiseTune,FLASH_PSO,ACO_ATConf_ConEx,GA_SA,BestConfig_RandomSearch_CMAES_HillClimbing_ROBOTune,DE_SWAY,Tuneful,ResTune,BO,BOCA,,,,,,,,,,,,,,,,,,,,,,
x264,PSO,ATConf,FLASH_OtterTune,ConEx,ES,PromiseTune,BOCA_CMAES,BestConfig_RandomSearch_GA_ROBOTune_SA,ACO_DE,BO_SWAY_Tuneful,HillClimbing_ResTune,,,,,,,,,,,,,,,,,,,,,
xgb-10101,BOHB_CMAES_DE_DEHB_ES_GA_GGA_HEBO_Hyperband_PSO_ParamILS_RandomSearch_UQGuided_irace_SA,ACO_HABO_HillClimbing_SMAC,BO,,,,,,,,,,,,,,,,,,,,,,,,,,,,,
xgb-146818,BOHB_DEHB_Hyperband_SMAC,CMAES_HEBO_ES_PSO_SA,DE_GGA_RandomSearch_irace,GA,UQGuided,ACO_HABO_HillClimbing_ParamILS,BO,,,,,,,,,,,,,,,,,,,,,,,,,
xgb-146821,ES_GA_HEBO_RandomSearch,GGA,BOHB_CMAES_Hyperband_UQGuided_DEHB,DE_SA_PSO_SMAC_irace,ACO_ParamILS_BO_HABO_HillClimbing,,,,,,,,,,,,,,,,,,,,,,,,,,,
xgb-146822,BOHB_HEBO_Hyperband_PSO,ACO_GGA_SA_SMAC_UQGuided,CMAES_DEHB_ES_DE_ParamILS,BO_GA_irace_HABO_HillClimbing_RandomSearch,,,,,,,,,,,,,,,,,,,,,,,,,,,,
xgb-167119,BOHB_DE_DEHB_ES_GA_GGA_HEBO_Hyperband_RandomSearch_UQGuided_irace_SMAC,PSO,ParamILS_SA,ACO_BO_CMAES_HABO_HillClimbing,,,,,,,,,,,,,,,,,,,,,,,,,,,,
xgb-3,SMAC,DE_ES_UQGuided_GGA_RandomSearch,ACO_GA_SA_BOHB_CMAES_DEHB_irace_HEBO,HABO_HillClimbing_Hyperband_PSO,BO_ParamILS,,,,,,,,,,,,,,,,,,,,,,,,,,,
xgb-31,DE_Hyperband,BOHB,SMAC,CMAES_PSO_DEHB_GA_RandomSearch_HEBO_UQGuided,ES_GGA_SA_HABO_irace,ACO_BO_HillClimbing_ParamILS,,,,,,,,,,,,,,,,,,,,,,,,,,
xgb-3917,DE_GGA_RandomSearch,GA,CMAES_irace,BOHB_HEBO_Hyperband_DEHB_PSO_ParamILS_SA_SMAC_ES,ACO_UQGuided,BO_HABO_HillClimbing,,,,,,,,,,,,,,,,,,,,,,,,,,
xgb-53,BOHB_CMAES_DEHB_HEBO_Hyperband,DE_ES_GA_GGA_UQGuided,ACO_PSO_RandomSearch_SMAC_SA_irace,ParamILS,BO_HABO_HillClimbing,,,,,,,,,,,,,,,,,,,,,,,,,,,
xgb-9952,DEHB_ES_Hyperband_SMAC_DE_HEBO_GA,ParamILS_irace_RandomSearch,ACO_BO_BOHB_CMAES_GGA_HABO_PSO_UQGuided_SA,HillClimbing,,,,,,,,,,,,,,,,,,,,,,,,,,,,
xgboost-CNAE9,DEHB_GA_HEBO_irace,CMAES_HABO_ES_UQGuided,BOHB_Hyperband_ParamILS,ACO_DE_GGA_PSO_RandomSearch_SA_SMAC,HillClimbing,BO,,,,,,,,,,,,,,,,,,,,,,,,,,
xgboost-Covtype,CMAES_DEHB_ES_GA_HEBO_HillClimbing_PSO_ParamILS_SMAC_irace_Hyperband_UQGuided,BOHB_RandomSearch_SA,ACO_GGA,HABO,DE,BO,,,,,,,,,,,,,,,,,,,,,,,,,,
xgboost-PimaIndiansDiabetes,HEBO,DEHB_ES_PSO_UQGuided_irace,GA_HABO,BOHB_Hyperband_SA,CMAES_GGA_RandomSearch,ACO_DE_ParamILS_SMAC,HillClimbing,BO,,,,,,,,,,,,,,,,,,,,,,,,
