problem_name,category
moe,HPO
CNN-ColorectalHistology,HPO
CNN-Cifar10,HPO
FCNet-NavalPropulsion,HPO
FCNet-ProteinStructure,HPO
FCNet-ParkinsonsTelemonitoring,HPO
FCNet-SliceLocalization,HPO
xgboost-CNAE9,HPO
xgboost-Covtype,HPO
xgboost-PimaIndiansDiabetes,HPO
rf-7592,HPO
nn-31,HPO
xgb-53,HPO
xgb-146821,HPO
rf-168910,HPO
rf-167119,HPO
nn-9952,HPO
rf-10101,HPO
xgb-167119,HPO
rf-168908,HPO
xgb-10101,HPO
nn-146822,HPO
rf-168331,HPO
xgb-146818,HPO
rf-146195,HPO
xgb-31,HPO
nn-146821,HPO
xgb-146822,HPO
xgb-9952,HPO
nn-146818,HPO
rf-9952,HPO
rf-168868,HPO
xgb-3917,HPO
nn-53,HPO
rf-146822,HPO
rf-146821,HPO
rf-146212,HPO
nn-10101,HPO
rf-168335,HPO
nn-3917,HPO
rf-14965,HPO
rf-168330,HPO
xgb-3,HPO
rf-9981,HPO
rf-146818,HPO
rf-168329,HPO
rf-9977,HPO
HSMGP,SCT
javagc,SCT
HSQLDB,SCT
MySQL,SCT
Dune,SCT
wc-5d-c5,SCT
polly,SCT
PostgreSQL,SCT
brotli,SCT
jump3r,SCT
rs-6d-c3,SCT
kanzi,SCT
redis,SCT
exastencils,SCT
MariaDB,SCT
sqlite,SCT
BDBC,SCT
7z,SCT
dconvert,SCT
LLVM,SCT
x264,SCT
storm,SCT
tomcat,SCT
sac,SCT
deeparch,SCT
nginx,SCT
spear,SCT
SQL,SCT
hipacc,SCT
Opus,SCT
FastDownward,SCT
spark,SCT
OpenVPN,SCT
vp9,SCT
noc-CM-log,SCT
VP8,SCT
