problem,FDC,FBD,PLO,Skewness,Kurtosis,CL,MIE,NBC
FCNet-ProteinStructure,0.326,175.514,0.001,38.194,2168.448,0.749,0.662,0.113
SQL,0.358,0.649,0.452,0.324,-0.556,1.08,0.85,0.849
hipacc,0.061,1.432,0.026,1.654,2.737,0.998,0.797,0.861
Dune,0.339,1.664,0.008,-4.729,38.627,1.208,0.819,0.973
OpenVPN,0.424,1.449,0.098,1.005,0.337,2.817,0.844,0.919
jump3r,0.318,0.567,0.922,9.121,86.623,3.623,0.815,0.934
FastDownward,0.732,0.447,0.133,2.35,4.585,0.275,0.748,0.394
FCNet-NavalPropulsion,0.05,132.232,0.0,243.51,60186.418,0.703,0.677,0.11
MariaDB,0.02,1.524,0.061,0.817,-0.527,1.569,0.826,0.951
HSQLDB,0.225,1.564,0.108,2.183,5.981,0.275,0.833,0.91
MySQL,0.02,1.533,0.053,1.055,1.795,2.057,0.821,0.961
kanzi,0.39,0.559,0.844,2.69,6.67,1.233,0.803,0.964
brotli,0.343,1.265,0.173,2.303,3.979,1.129,0.743,0.877
7z,-0.069,1.998,0.007,2.677,8.091,1.797,0.799,0.855
BDBC,0.36,0.636,0.03,-1.656,1.517,2.455,0.82,0.988
VP8,0.04,3.141,0.002,-2.111,7.708,2.207,0.798,0.994
rs-6d-c3,0.092,1116447.505,0.007,-1.019,-0.228,0.275,0.827,0.0
sac,0.112,1.606,0.277,13.304,333.811,0.542,0.814,0.539
spear,0.08,0.576,0.012,0.13,-1.924,6.805,0.815,0.994
sqlite,0.291,0.661,1.0,0.917,2.984,0.571,0.861,0.979
storm,0.025,145107.943,0.003,-1.975,2.979,0.275,0.717,0.002
FCNet-SliceLocalization,0.16,175.325,0.0,141.79,24153.245,0.693,0.58,0.113
HSMGP,0.173,0.514,0.012,2.493,5.364,3.582,0.703,0.728
LLVM,0.494,0.701,0.0,0.008,-0.73,5.396,0.827,1.0
Opus,0.034,1.463,0.063,3.185,15.357,1.298,0.836,0.958
moe,0.278,385.713,0.085,0.222,-0.818,0.214,0.587,0.0
nginx,0.078,1.357,0.011,0.826,-1.278,2.646,0.8,0.967
noc-CM-log,0.285,13.395,0.004,-2.281,5.526,2.605,0.837,0.418
polly,0.47,0.545,0.313,-2.312,4.015,0.809,0.856,0.882
FCNet-ParkinsonsTelemonitoring,0.037,175.386,0.001,142.894,22323.49,0.751,0.705,0.107
deeparch,0.286,0.699,0.012,0.94,0.501,3.144,0.82,0.995
exastencils,0.333,20.577,0.001,1.51,2.571,2.291,0.813,0.93
spark,-0.11,309.262,0.993,-0.108,-1.407,0.254,0.842,0.099
dconvert,0.576,8.178,0.075,1.618,2.536,0.349,0.811,0.085
PostgreSQL,0.031,523.141,0.057,2.352,3.741,1.972,0.768,0.0
redis,0.034,803.374,0.982,-0.072,0.841,0.275,0.835,0.71
x264,0.271,0.598,0.012,1.215,0.764,0.988,0.834,0.995
xgboost-CNAE9,0.428,0.52,0.039,0.91,-0.321,5.138,0.842,0.98
xgboost-Covtype,0.524,0.592,0.004,0.005,-0.879,5.736,0.828,0.997
xgboost-PimaIndiansDiabetes,0.321,0.629,0.035,-0.103,-1.72,3.991,0.747,0.985
wc-5d-c5,0.612,0.646,0.003,0.167,-0.841,2.806,0.835,0.577
CNN-ColorectalHistology,-0.005,2.362,1.0,446.679,199675.046,0.276,0.641,0.269
vp9,0.287,0.456,0.45,-0.005,-1.927,2.226,0.726,0.843
javagc,-0.276,79.816,0.269,7.9,132.742,0.994,0.757,0.5
CNN-Cifar10,0.058,2.052,1.0,348.26,137451.192,0.332,0.685,0.294
tomcat,0.087,13376.099,1.0,-0.281,0.301,0.236,0.855,0.36
nn-10101,0.013,86.189,0.095,0.45,-1.374,0.468,0.736,0.013
nn-146818,-0.115,85.297,0.068,1.976,2.858,0.803,0.805,0.0
nn-146821,-0.008,5.755,0.105,0.9,-0.905,1.053,0.814,0.002
nn-146822,0.055,24.198,0.099,1.483,0.627,1.082,0.761,0.006
nn-31,0.002,37.697,0.07,0.887,-0.925,1.075,0.763,0.021
nn-3917,0.044,95.553,0.028,0.167,-1.516,0.573,0.732,0.027
nn-53,0.194,122.889,0.058,1.157,-0.307,0.216,0.812,0.0
nn-9952,-0.127,24.254,0.037,1.028,-0.447,1.066,0.747,0.015
rf-10101,0.047,9.624,0.106,0.384,-1.316,2.552,0.576,0.051
rf-146195,0.492,21.842,0.016,-0.731,-0.982,3.427,0.374,0.12
rf-146212,0.153,13.51,0.026,0.301,-0.594,2.507,0.781,0.132
rf-146818,-0.03,6.667,0.152,3.381,18.961,3.564,0.743,0.051
rf-146821,0.371,17.924,0.022,-0.818,-0.532,5.11,0.427,0.129
rf-146822,-0.066,1.547,0.115,1.297,0.327,3.405,0.742,0.067
rf-14965,0.067,11.435,0.055,-0.462,-1.415,7.534,0.486,0.079
rf-167119,0.161,12.968,0.053,0.26,-1.56,4.3,0.661,0.038
rf-168329,0.391,28.167,0.026,-0.077,-1.443,1.128,0.558,0.035
rf-168330,0.059,19.47,0.17,0.797,-0.777,1.785,0.701,0.024
rf-168331,0.404,21.168,0.007,-0.02,-1.397,3.441,0.53,0.096
rf-168335,0.408,8.355,0.13,1.607,2.486,3.549,0.698,0.027
rf-168868,0.362,21.49,0.016,0.575,-1.122,1.941,0.479,0.102
rf-168908,0.109,2.095,0.133,0.493,-0.916,3.693,0.721,0.075
rf-168910,0.065,27.538,0.014,-0.674,-0.423,2.752,0.641,0.111
rf-7592,0.136,18.27,0.108,0.327,-1.653,2.977,0.527,0.037
rf-9952,0.322,17.329,0.045,1.419,1.396,3.142,0.61,0.035
rf-9977,0.51,13.888,0.13,1.813,2.501,3.34,0.567,0.028
rf-9981,0.061,21.772,0.013,0.586,-1.255,2.026,0.562,0.201
xgb-10101,0.171,64.654,0.161,0.325,0.131,4.036,0.327,0.003
xgb-146818,0.072,66.773,0.181,0.903,0.025,5.789,0.487,0.001
xgb-146821,0.128,69.604,0.148,2.482,6.364,2.165,0.464,0.003
xgb-146822,0.046,69.037,0.751,2.519,7.096,2.804,0.236,0.0
xgb-167119,0.408,45.407,0.196,0.462,-1.743,2.617,0.273,0.001
xgb-3,0.209,125.88,0.749,2.293,5.459,2.319,0.08,0.0
xgb-31,0.237,71.764,0.141,1.3,4.479,2.286,0.576,0.003
xgb-3917,0.12,68.565,0.145,1.063,-0.025,1.614,0.513,0.001
xgb-53,0.015,65.416,0.168,1.964,3.25,2.624,0.534,0.001
xgb-9952,0.147,59.541,0.126,0.557,-1.202,3.986,0.35,0.003
